Bill,Roman,Dr.,Billy,m,he him,17 08 1965,drbillyr@gmail.com,278895522,44568713,Eliseo,Roman,201,BillyR,Roman's1,19686
Ellen,Lee,Mrs. ,Ellie,f,she her,19 07 1990,lelee@gmail.com,0275663245,0275663245,James,Lee,201,lelee,leLee123+,25617
Lulu,Hearse,Miss,Deborah,f,she her,31 10 1989,debhearse@gmail.com,027,027,Braden,Hearse,201,HearseD,hearseD1+,28105
e,e,e,e,e,e,e,e@,e,e,d,d,201,e,eeeeEE1+,30414
sir,coop,mr,mr papa coop,male,he,301214,mrcoopyhead@chickenmail.com,0800chix,0800chic,hen,coop,201,MrCoop,cO0pman!,70
Damien,Beauford,Mr. ,Dam,m,he him,,sfdkbsald@,'fgin,fdnk,Buck,Beauford,201,d;fsln,as;odfgni;dfngSDGAS1,32165
